Values,Frequency,Weights
30,3349,0.1733795816939325
25,3256,0.16856492027334852
35,2759,0.1428349554773245
40,2303,0.11922758335059018
45,1693,0.08764754607579209
20,1648,0.08531787119486436
50,1312,0.06792296541727065
55,1040,0.05384137502588528
60,743,0.03846552081176227
65,481,0.02490163594947194
70,342,0.017705529095050736
75,189,0.00978463449989646
80,114,0.005901843031683578
85,54,0.002795609857113274
90,24,0.0012424932698281218
95,9,0.00046593497618554563
