Values,Frequency,Weights
1,947,0.5234936428966279
2,495,0.2736318407960199
3,252,0.13930348258706468
4,115,0.06357103372028745
