Values,Frequency,Weights
1,1144,0.2985386221294363
2,757,0.19754697286012526
3,590,0.15396659707724425
4,531,0.13856993736951984
5,468,0.12212943632567849
6,342,0.08924843423799582
