Values,Frequency,Weights
1,40639,0.4327948114463413
2,17673,0.18821286701668816
3,11787,0.12552849338118616
4,10009,0.10659325445425404
5,7800,0.08306797729475288
6,5991,0.06380259640677749
