Values,Frequency,Weights
0.58,574,0.12249253094323517
0.5,568,0.12121212121212122
0.25,510,0.1088348271446863
0.42,508,0.10840802390098164
0.33,499,0.1064874093043107
0.67,447,0.09539052496798976
0.17,389,0.08301323090055485
0.75,356,0.07597097737942808
0.83,349,0.0744771660264618
0.92,265,0.05655142979086641
0.08,189,0.04033290653008963
0.0,32,0.006828851899274435
