Values,Frequency,Weights
1.0,47465,0.6612105593090478
0.83,6106,0.08505955283137145
0.75,4651,0.0647906944347705
0.92,4234,0.05898168140976527
0.67,2727,0.03798843769589747
0.58,2104,0.029309744375565928
0.5,1627,0.022664902138329734
0.42,1056,0.014710594135265027
0.33,661,0.009208051821411158
0.25,568,0.007912516542453158
0.17,444,0.00618513617050916
0.08,122,0.0016995193982029672
0.0,20,0.0002786097374103225
