Values,Frequency,Weights
1,27843,0.6645107398568019
2,9335,0.22279236276849643
3,3346,0.07985680190930787
4,1376,0.03284009546539379
