Values,Frequency,Weights
0.58,8575,0.12557846640501436
0.5,8122,0.11894440864624216
0.33,7469,0.1093814070646125
0.42,7325,0.10727256751215512
0.25,7298,0.10687716009606936
0.67,7139,0.10454864975689766
0.17,5514,0.08075098119618065
0.75,5183,0.07590357916935153
0.83,4915,0.0719787944467225
0.92,3667,0.05370218499209185
0.08,2613,0.03826665104563295
0.0,464,0.006795149669029348
