Values,Frequency,Weights
1.0,3255,0.662527986973336
0.83,423,0.08609810706289436
0.75,299,0.06085894565438632
0.92,287,0.05841644616324038
0.67,188,0.038265825361286386
0.58,150,0.030531243639324242
0.5,101,0.020557704050478322
0.42,73,0.014858538571137798
0.33,49,0.009973539588845918
0.25,39,0.007938123346224303
0.17,35,0.007123956849175657
0.08,13,0.002646041115408101
0.0,1,0.0002035416242621616
